-- MySQL dump 10.17  Distrib 10.3.12-MariaDB, for debian-linux-gnu (x86_64)
--
-- Host:     Database: iot_weixin
-- ------------------------------------------------------
-- Server version	10.3.16-MariaDB-1:10.3.16+maria~xenial-log

/*!40101 SET @OLD_CHARACTER_SET_CLIENT=@@CHARACTER_SET_CLIENT */;
/*!40101 SET @OLD_CHARACTER_SET_RESULTS=@@CHARACTER_SET_RESULTS */;
/*!40101 SET @OLD_COLLATION_CONNECTION=@@COLLATION_CONNECTION */;
/*!40101 SET NAMES utf8 */;
/*!40103 SET @OLD_TIME_ZONE=@@TIME_ZONE */;
/*!40103 SET TIME_ZONE='+00:00' */;
/*!40014 SET @OLD_UNIQUE_CHECKS=@@UNIQUE_CHECKS, UNIQUE_CHECKS=0 */;
/*!40014 SET @OLD_FOREIGN_KEY_CHECKS=@@FOREIGN_KEY_CHECKS, FOREIGN_KEY_CHECKS=0 */;
/*!40101 SET @OLD_SQL_MODE=@@SQL_MODE, SQL_MODE='NO_AUTO_VALUE_ON_ZERO' */;
/*!40111 SET @OLD_SQL_NOTES=@@SQL_NOTES, SQL_NOTES=0 */;

CREATE DATABASE /*!32312 IF NOT EXISTS*/ `iot_weixin` /*!40100 DEFAULT CHARACTER SET utf8 */;

USE `iot_weixin`;
--
-- Table structure for table `bind_info`
--

DROP TABLE IF EXISTS `bind_info`;
/*!40101 SET @saved_cs_client     = @@character_set_client */;
/*!40101 SET character_set_client = utf8 */;
CREATE TABLE `bind_info` (
  `device_id` varchar(100) DEFAULT NULL COMMENT '设备ID',
  `open_id` varchar(100) DEFAULT NULL COMMENT '用户微信ID',
  `status` tinyint(4) DEFAULT 1 COMMENT '1绑定,2解绑',
  `create_by` varchar(100) DEFAULT 'weixin' COMMENT '创建人',
  `create_time` datetime DEFAULT current_timestamp() COMMENT '绑定时间',
  `update_by` varchar(100) DEFAULT 'weixin' COMMENT '修改入',
  `update_time` datetime DEFAULT current_timestamp() COMMENT '修改时间',
  `remark` varchar(100) DEFAULT NULL COMMENT '备注'
) ENGINE=InnoDB DEFAULT CHARSET=utf8 COMMENT='设备绑定信息';
/*!40101 SET character_set_client = @saved_cs_client */;

--
-- Dumping data for table `bind_info`
--

LOCK TABLES `bind_info` WRITE;
/*!40000 ALTER TABLE `bind_info` DISABLE KEYS */;
INSERT INTO `bind_info` VALUES ('gh_3df234b71503_52bafa72f2430b0d','ohVFx1uVE3VZd3pEuiwNMbqVGihA',1,'weixin','2019-02-18 18:56:14','weixin','2019-02-18 18:56:14',NULL),('gh_3df234b71503_d4534dc31d5cba4b','ohVFx1rFZuyWCmnFc7Gpkf0FjCfw',1,'weixin','2019-02-19 09:33:59','weixin','2019-02-19 09:33:58',NULL);
/*!40000 ALTER TABLE `bind_info` ENABLE KEYS */;
UNLOCK TABLES;

--
-- Table structure for table `device_info`
--

DROP TABLE IF EXISTS `device_info`;
/*!40101 SET @saved_cs_client     = @@character_set_client */;
/*!40101 SET character_set_client = utf8 */;
CREATE TABLE `device_info` (
  `device_id` varchar(100) NOT NULL,
  `device_mac` varchar(100) DEFAULT NULL,
  `device_qrcode` varchar(500) DEFAULT NULL,
  `device_type` varchar(100) DEFAULT NULL,
  `app_id` varchar(100) DEFAULT NULL,
  `create_by` varchar(100) DEFAULT '',
  `create_time` datetime DEFAULT current_timestamp(),
  `update_by` varchar(100) DEFAULT '',
  `update_time` datetime DEFAULT NULL,
  `remark` varchar(100) DEFAULT '',
  `product_id` varchar(100) DEFAULT NULL,
  PRIMARY KEY (`device_id`)
) ENGINE=InnoDB DEFAULT CHARSET=utf8 COMMENT='硬件基础信息表';
/*!40101 SET character_set_client = @saved_cs_client */;

--
-- Dumping data for table `device_info`
--

LOCK TABLES `device_info` WRITE;
/*!40000 ALTER TABLE `device_info` DISABLE KEYS */;
INSERT INTO `device_info` VALUES ('gh_3df234b71503_52bafa72f2430b0d','000103030100','http://we.qq.com/d/AQCFUXHWwOKRv6RbhNdPVgfxUJtHe60lNcnJOUGy','gh_3df234b71503','wx3b2ab6bae2ed8a6b','','2019-02-18 18:55:58','',NULL,'','50364'),('gh_3df234b71503_d4534dc31d5cba4b','010105050101','http://we.qq.com/d/AQCFUXHWxvNRsuIAbWMW16hQLjhkuFG5JBhgAdvZ','gh_3df234b71503','wx3b2ab6bae2ed8a6b','','2019-02-19 09:32:38','',NULL,'','50364');
/*!40000 ALTER TABLE `device_info` ENABLE KEYS */;
UNLOCK TABLES;

--
-- Table structure for table `qrtz_blob_triggers`
--

DROP TABLE IF EXISTS `qrtz_blob_triggers`;
/*!40101 SET @saved_cs_client     = @@character_set_client */;
/*!40101 SET character_set_client = utf8 */;
CREATE TABLE `qrtz_blob_triggers` (
  `sched_name` varchar(120) NOT NULL,
  `trigger_name` varchar(200) NOT NULL,
  `trigger_group` varchar(200) NOT NULL,
  `blob_data` blob DEFAULT NULL,
  PRIMARY KEY (`sched_name`,`trigger_name`,`trigger_group`),
  CONSTRAINT `qrtz_blob_triggers_ibfk_1` FOREIGN KEY (`sched_name`, `trigger_name`, `trigger_group`) REFERENCES `qrtz_triggers` (`sched_name`, `trigger_name`, `trigger_group`)
) ENGINE=InnoDB DEFAULT CHARSET=utf8;
/*!40101 SET character_set_client = @saved_cs_client */;

--
-- Dumping data for table `qrtz_blob_triggers`
--

LOCK TABLES `qrtz_blob_triggers` WRITE;
/*!40000 ALTER TABLE `qrtz_blob_triggers` DISABLE KEYS */;
/*!40000 ALTER TABLE `qrtz_blob_triggers` ENABLE KEYS */;
UNLOCK TABLES;

--
-- Table structure for table `qrtz_calendars`
--

DROP TABLE IF EXISTS `qrtz_calendars`;
/*!40101 SET @saved_cs_client     = @@character_set_client */;
/*!40101 SET character_set_client = utf8 */;
CREATE TABLE `qrtz_calendars` (
  `sched_name` varchar(120) NOT NULL,
  `calendar_name` varchar(200) NOT NULL,
  `calendar` blob NOT NULL,
  PRIMARY KEY (`sched_name`,`calendar_name`)
) ENGINE=InnoDB DEFAULT CHARSET=utf8;
/*!40101 SET character_set_client = @saved_cs_client */;

--
-- Dumping data for table `qrtz_calendars`
--

LOCK TABLES `qrtz_calendars` WRITE;
/*!40000 ALTER TABLE `qrtz_calendars` DISABLE KEYS */;
/*!40000 ALTER TABLE `qrtz_calendars` ENABLE KEYS */;
UNLOCK TABLES;

--
-- Table structure for table `qrtz_cron_triggers`
--

DROP TABLE IF EXISTS `qrtz_cron_triggers`;
/*!40101 SET @saved_cs_client     = @@character_set_client */;
/*!40101 SET character_set_client = utf8 */;
CREATE TABLE `qrtz_cron_triggers` (
  `sched_name` varchar(120) NOT NULL,
  `trigger_name` varchar(200) NOT NULL,
  `trigger_group` varchar(200) NOT NULL,
  `cron_expression` varchar(200) NOT NULL,
  `time_zone_id` varchar(80) DEFAULT NULL,
  PRIMARY KEY (`sched_name`,`trigger_name`,`trigger_group`),
  CONSTRAINT `qrtz_cron_triggers_ibfk_1` FOREIGN KEY (`sched_name`, `trigger_name`, `trigger_group`) REFERENCES `qrtz_triggers` (`sched_name`, `trigger_name`, `trigger_group`)
) ENGINE=InnoDB DEFAULT CHARSET=utf8;
/*!40101 SET character_set_client = @saved_cs_client */;

--
-- Dumping data for table `qrtz_cron_triggers`
--

LOCK TABLES `qrtz_cron_triggers` WRITE;
/*!40000 ALTER TABLE `qrtz_cron_triggers` DISABLE KEYS */;
INSERT INTO `qrtz_cron_triggers` VALUES ('GoodixScheduler','__TASK_CLASS_NAME__1','DEFAULT','0/10 * * * * ?','Asia/Shanghai'),('GoodixScheduler','__TASK_CLASS_NAME__2','DEFAULT','0/20 * * * * ?','Asia/Shanghai'),('RuoyiScheduler','__TASK_CLASS_NAME__1','DEFAULT','0/10 * * * * ?','Asia/Shanghai'),('RuoyiScheduler','__TASK_CLASS_NAME__2','DEFAULT','0/20 * * * * ?','Asia/Shanghai');
/*!40000 ALTER TABLE `qrtz_cron_triggers` ENABLE KEYS */;
UNLOCK TABLES;

--
-- Table structure for table `qrtz_fired_triggers`
--

DROP TABLE IF EXISTS `qrtz_fired_triggers`;
/*!40101 SET @saved_cs_client     = @@character_set_client */;
/*!40101 SET character_set_client = utf8 */;
CREATE TABLE `qrtz_fired_triggers` (
  `sched_name` varchar(120) NOT NULL,
  `entry_id` varchar(95) NOT NULL,
  `trigger_name` varchar(200) NOT NULL,
  `trigger_group` varchar(200) NOT NULL,
  `instance_name` varchar(200) NOT NULL,
  `fired_time` bigint(13) NOT NULL,
  `sched_time` bigint(13) NOT NULL,
  `priority` int(11) NOT NULL,
  `state` varchar(16) NOT NULL,
  `job_name` varchar(200) DEFAULT NULL,
  `job_group` varchar(200) DEFAULT NULL,
  `is_nonconcurrent` varchar(1) DEFAULT NULL,
  `requests_recovery` varchar(1) DEFAULT NULL,
  PRIMARY KEY (`sched_name`,`entry_id`)
) ENGINE=InnoDB DEFAULT CHARSET=utf8;
/*!40101 SET character_set_client = @saved_cs_client */;

--
-- Dumping data for table `qrtz_fired_triggers`
--

LOCK TABLES `qrtz_fired_triggers` WRITE;
/*!40000 ALTER TABLE `qrtz_fired_triggers` DISABLE KEYS */;
/*!40000 ALTER TABLE `qrtz_fired_triggers` ENABLE KEYS */;
UNLOCK TABLES;

--
-- Table structure for table `qrtz_job_details`
--

DROP TABLE IF EXISTS `qrtz_job_details`;
/*!40101 SET @saved_cs_client     = @@character_set_client */;
/*!40101 SET character_set_client = utf8 */;
CREATE TABLE `qrtz_job_details` (
  `sched_name` varchar(120) NOT NULL,
  `job_name` varchar(200) NOT NULL,
  `job_group` varchar(200) NOT NULL,
  `description` varchar(250) DEFAULT NULL,
  `job_class_name` varchar(250) NOT NULL,
  `is_durable` varchar(1) NOT NULL,
  `is_nonconcurrent` varchar(1) NOT NULL,
  `is_update_data` varchar(1) NOT NULL,
  `requests_recovery` varchar(1) NOT NULL,
  `job_data` blob DEFAULT NULL,
  PRIMARY KEY (`sched_name`,`job_name`,`job_group`)
) ENGINE=InnoDB DEFAULT CHARSET=utf8;
/*!40101 SET character_set_client = @saved_cs_client */;

--
-- Dumping data for table `qrtz_job_details`
--

LOCK TABLES `qrtz_job_details` WRITE;
/*!40000 ALTER TABLE `qrtz_job_details` DISABLE KEYS */;
INSERT INTO `qrtz_job_details` VALUES ('GoodixScheduler','__TASK_CLASS_NAME__1','DEFAULT',NULL,'com.goodix.project.monitor.job.util.ScheduleJob','0','0','0','0',0x41435C45440005737200156F72672E71756172747A2E4A6F62446174614D6170394642303833E8BFA942305C4342020000787200266F72672E71756172747A2E7574696C732E537472696E674B65794469727479466C61674D61703832085C45385C433346425C43355D280200015A0013616C6C6F77735472616E7369656E74446174617872001D6F72672E71756172747A2E7574696C732E4469727479466C61674D6170135C45362E414428760A5C43450200025A000564697274794C00036D617074000F4C6A6176612F7574696C2F4D61703B787001737200116A6176612E7574696C2E486173684D617005075C444143315C433316605C443103000246000A6C6F6164466163746F724900097468726573686F6C6478703F4000000000000C770800000010000000017400135F5F5441534B5F50524F504552544945535F5F73720029636F6D2E676F6F6469782E70726F6A6563742E6D6F6E69746F722E6A6F622E646F6D61696E2E4A6F6200000000000000010200084C000E63726F6E45787072657373696F6E7400124C6A6176612F6C616E672F537472696E673B4C00086A6F6247726F757071007E00094C00056A6F6249647400104C6A6176612F6C616E672F4C6F6E673B4C00076A6F624E616D6571007E00094C000A6D6574686F644E616D6571007E00094C000C6D6574686F64506172616D7371007E00094C000D6D697366697265506F6C69637971007E00094C000673746174757371007E00097872002A636F6D2E676F6F6469782E6672616D65776F726B2E7765622E646F6D61696E2E42617365456E7469747900000000000000010200074C0008637265617465427971007E00094C000A63726561746554696D657400104C6A6176612F7574696C2F446174653B4C0006706172616D7371007E00034C000672656D61726B71007E00094C000B73656172636856616C756571007E00094C0008757064617465427971007E00094C000A75706461746554696D6571007E000C787074000561646D696E7372000E6A6176612E7574696C2E44617465686A3831014B59741903000078707708000001622C5C4445295C4530787074000070707074000E302F3130202A202A202A202A203F740018E7B3BBE7BB9FE9BB98E8AEA4EFBC88E697A0E58F82EFBC897372000E6A6176612E6C616E672E4C6F6E673B38425C45343930CC8F235C44460200014A000576616C7565787200106A6176612E6C616E672E4E756D6265723836414339351D0B39345C453038420200007870000000000000000174000672795461736B74000A72794E6F506172616D7374000074000131740001317800),('GoodixScheduler','__TASK_CLASS_NAME__2','DEFAULT',NULL,'com.goodix.project.monitor.job.util.ScheduleJob','0','0','0','0',0x41435C45440005737200156F72672E71756172747A2E4A6F62446174614D6170394642303833E8BFA942305C4342020000787200266F72672E71756172747A2E7574696C732E537472696E674B65794469727479466C61674D61703832085C45385C433346425C43355D280200015A0013616C6C6F77735472616E7369656E74446174617872001D6F72672E71756172747A2E7574696C732E4469727479466C61674D6170135C45362E414428760A5C43450200025A000564697274794C00036D617074000F4C6A6176612F7574696C2F4D61703B787001737200116A6176612E7574696C2E486173684D617005075C444143315C433316605C443103000246000A6C6F6164466163746F724900097468726573686F6C6478703F4000000000000C770800000010000000017400135F5F5441534B5F50524F504552544945535F5F73720029636F6D2E676F6F6469782E70726F6A6563742E6D6F6E69746F722E6A6F622E646F6D61696E2E4A6F6200000000000000010200084C000E63726F6E45787072657373696F6E7400124C6A6176612F6C616E672F537472696E673B4C00086A6F6247726F757071007E00094C00056A6F6249647400104C6A6176612F6C616E672F4C6F6E673B4C00076A6F624E616D6571007E00094C000A6D6574686F644E616D6571007E00094C000C6D6574686F64506172616D7371007E00094C000D6D697366697265506F6C69637971007E00094C000673746174757371007E00097872002A636F6D2E676F6F6469782E6672616D65776F726B2E7765622E646F6D61696E2E42617365456E7469747900000000000000010200074C0008637265617465427971007E00094C000A63726561746554696D657400104C6A6176612F7574696C2F446174653B4C0006706172616D7371007E00034C000672656D61726B71007E00094C000B73656172636856616C756571007E00094C0008757064617465427971007E00094C000A75706461746554696D6571007E000C787074000561646D696E7372000E6A6176612E7574696C2E44617465686A3831014B59741903000078707708000001622C5C4445295C4530787074000070707074000E302F3230202A202A202A202A203F740018E7B3BBE7BB9FE9BB98E8AEA4EFBC88E69C89E58F82EFBC897372000E6A6176612E6C616E672E4C6F6E673B38425C45343930CC8F235C44460200014A000576616C7565787200106A6176612E6C616E672E4E756D6265723836414339351D0B39345C453038420200007870000000000000000274000672795461736B7400087279506172616D73740002727974000131740001317800),('RuoyiScheduler','__TASK_CLASS_NAME__1','DEFAULT',NULL,'com.ruoyi.project.monitor.job.util.ScheduleJob','0','0','0','0',0x41435C45440005737200156F72672E71756172747A2E4A6F62446174614D6170394642303833E8BFA942305C4342020000787200266F72672E71756172747A2E7574696C732E537472696E674B65794469727479466C61674D61703832085C45385C433346425C43355D280200015A0013616C6C6F77735472616E7369656E74446174617872001D6F72672E71756172747A2E7574696C732E4469727479466C61674D6170135C45362E414428760A5C43450200025A000564697274794C00036D617074000F4C6A6176612F7574696C2F4D61703B787001737200116A6176612E7574696C2E486173684D617005075C444143315C433316605C443103000246000A6C6F6164466163746F724900097468726573686F6C6478703F4000000000000C770800000010000000017400135F5F5441534B5F50524F504552544945535F5F73720028636F6D2E72756F79692E70726F6A6563742E6D6F6E69746F722E6A6F622E646F6D61696E2E4A6F6200000000000000010200084C000E63726F6E45787072657373696F6E7400124C6A6176612F6C616E672F537472696E673B4C00086A6F6247726F757071007E00094C00056A6F6249647400104C6A6176612F6C616E672F4C6F6E673B4C00076A6F624E616D6571007E00094C000A6D6574686F644E616D6571007E00094C000C6D6574686F64506172616D7371007E00094C000D6D697366697265506F6C69637971007E00094C000673746174757371007E000978720029636F6D2E72756F79692E6672616D65776F726B2E7765622E646F6D61696E2E42617365456E7469747900000000000000010200074C0008637265617465427971007E00094C000A63726561746554696D657400104C6A6176612F7574696C2F446174653B4C0006706172616D7371007E00034C000672656D61726B71007E00094C000B73656172636856616C756571007E00094C0008757064617465427971007E00094C000A75706461746554696D6571007E000C787074000561646D696E7372000E6A6176612E7574696C2E44617465686A3831014B59741903000078707708000001622C5C4445295C4530787074000070707074000E302F3130202A202A202A202A203F740018E7B3BBE7BB9FE9BB98E8AEA4EFBC88E697A0E58F82EFBC897372000E6A6176612E6C616E672E4C6F6E673B38425C45343930CC8F235C44460200014A000576616C7565787200106A6176612E6C616E672E4E756D6265723836414339351D0B39345C453038420200007870000000000000000174000672795461736B74000A72794E6F506172616D7374000074000131740001317800),('RuoyiScheduler','__TASK_CLASS_NAME__2','DEFAULT',NULL,'com.ruoyi.project.monitor.job.util.ScheduleJob','0','0','0','0',0x41435C45440005737200156F72672E71756172747A2E4A6F62446174614D6170394642303833E8BFA942305C4342020000787200266F72672E71756172747A2E7574696C732E537472696E674B65794469727479466C61674D61703832085C45385C433346425C43355D280200015A0013616C6C6F77735472616E7369656E74446174617872001D6F72672E71756172747A2E7574696C732E4469727479466C61674D6170135C45362E414428760A5C43450200025A000564697274794C00036D617074000F4C6A6176612F7574696C2F4D61703B787001737200116A6176612E7574696C2E486173684D617005075C444143315C433316605C443103000246000A6C6F6164466163746F724900097468726573686F6C6478703F4000000000000C770800000010000000017400135F5F5441534B5F50524F504552544945535F5F73720028636F6D2E72756F79692E70726F6A6563742E6D6F6E69746F722E6A6F622E646F6D61696E2E4A6F6200000000000000010200084C000E63726F6E45787072657373696F6E7400124C6A6176612F6C616E672F537472696E673B4C00086A6F6247726F757071007E00094C00056A6F6249647400104C6A6176612F6C616E672F4C6F6E673B4C00076A6F624E616D6571007E00094C000A6D6574686F644E616D6571007E00094C000C6D6574686F64506172616D7371007E00094C000D6D697366697265506F6C69637971007E00094C000673746174757371007E000978720029636F6D2E72756F79692E6672616D65776F726B2E7765622E646F6D61696E2E42617365456E7469747900000000000000010200074C0008637265617465427971007E00094C000A63726561746554696D657400104C6A6176612F7574696C2F446174653B4C0006706172616D7371007E00034C000672656D61726B71007E00094C000B73656172636856616C756571007E00094C0008757064617465427971007E00094C000A75706461746554696D6571007E000C787074000561646D696E7372000E6A6176612E7574696C2E44617465686A3831014B59741903000078707708000001622C5C4445295C4530787074000070707074000E302F3230202A202A202A202A203F740018E7B3BBE7BB9FE9BB98E8AEA4EFBC88E69C89E58F82EFBC897372000E6A6176612E6C616E672E4C6F6E673B38425C45343930CC8F235C44460200014A000576616C7565787200106A6176612E6C616E672E4E756D6265723836414339351D0B39345C453038420200007870000000000000000274000672795461736B7400087279506172616D73740002727974000131740001317800);
/*!40000 ALTER TABLE `qrtz_job_details` ENABLE KEYS */;
UNLOCK TABLES;

--
-- Table structure for table `qrtz_locks`
--

DROP TABLE IF EXISTS `qrtz_locks`;
/*!40101 SET @saved_cs_client     = @@character_set_client */;
/*!40101 SET character_set_client = utf8 */;
CREATE TABLE `qrtz_locks` (
  `sched_name` varchar(120) NOT NULL,
  `lock_name` varchar(40) NOT NULL,
  PRIMARY KEY (`sched_name`,`lock_name`)
) ENGINE=InnoDB DEFAULT CHARSET=utf8;
/*!40101 SET character_set_client = @saved_cs_client */;

--
-- Dumping data for table `qrtz_locks`
--

LOCK TABLES `qrtz_locks` WRITE;
/*!40000 ALTER TABLE `qrtz_locks` DISABLE KEYS */;
INSERT INTO `qrtz_locks` VALUES ('GoodixScheduler','STATE_ACCESS'),('GoodixScheduler','TRIGGER_ACCESS'),('RuoyiScheduler','STATE_ACCESS'),('RuoyiScheduler','TRIGGER_ACCESS');
/*!40000 ALTER TABLE `qrtz_locks` ENABLE KEYS */;
UNLOCK TABLES;

--
-- Table structure for table `qrtz_paused_trigger_grps`
--

DROP TABLE IF EXISTS `qrtz_paused_trigger_grps`;
/*!40101 SET @saved_cs_client     = @@character_set_client */;
/*!40101 SET character_set_client = utf8 */;
CREATE TABLE `qrtz_paused_trigger_grps` (
  `sched_name` varchar(120) NOT NULL,
  `trigger_group` varchar(200) NOT NULL,
  PRIMARY KEY (`sched_name`,`trigger_group`)
) ENGINE=InnoDB DEFAULT CHARSET=utf8;
/*!40101 SET character_set_client = @saved_cs_client */;

--
-- Dumping data for table `qrtz_paused_trigger_grps`
--

LOCK TABLES `qrtz_paused_trigger_grps` WRITE;
/*!40000 ALTER TABLE `qrtz_paused_trigger_grps` DISABLE KEYS */;
/*!40000 ALTER TABLE `qrtz_paused_trigger_grps` ENABLE KEYS */;
UNLOCK TABLES;

--
-- Table structure for table `qrtz_scheduler_state`
--

DROP TABLE IF EXISTS `qrtz_scheduler_state`;
/*!40101 SET @saved_cs_client     = @@character_set_client */;
/*!40101 SET character_set_client = utf8 */;
CREATE TABLE `qrtz_scheduler_state` (
  `sched_name` varchar(120) NOT NULL,
  `instance_name` varchar(200) NOT NULL,
  `last_checkin_time` bigint(13) NOT NULL,
  `checkin_interval` bigint(13) NOT NULL,
  PRIMARY KEY (`sched_name`,`instance_name`)
) ENGINE=InnoDB DEFAULT CHARSET=utf8;
/*!40101 SET character_set_client = @saved_cs_client */;

--
-- Dumping data for table `qrtz_scheduler_state`
--

LOCK TABLES `qrtz_scheduler_state` WRITE;
/*!40000 ALTER TABLE `qrtz_scheduler_state` DISABLE KEYS */;
INSERT INTO `qrtz_scheduler_state` VALUES ('GoodixScheduler','developers_zh1569225681386',1570613123322,15000),('RuoyiScheduler','liaoxiaohua-goodix1541036894731',1541036958531,15000);
/*!40000 ALTER TABLE `qrtz_scheduler_state` ENABLE KEYS */;
UNLOCK TABLES;

--
-- Table structure for table `qrtz_simple_triggers`
--

DROP TABLE IF EXISTS `qrtz_simple_triggers`;
/*!40101 SET @saved_cs_client     = @@character_set_client */;
/*!40101 SET character_set_client = utf8 */;
CREATE TABLE `qrtz_simple_triggers` (
  `sched_name` varchar(120) NOT NULL,
  `trigger_name` varchar(200) NOT NULL,
  `trigger_group` varchar(200) NOT NULL,
  `repeat_count` bigint(7) NOT NULL,
  `repeat_interval` bigint(12) NOT NULL,
  `times_triggered` bigint(10) NOT NULL,
  PRIMARY KEY (`sched_name`,`trigger_name`,`trigger_group`),
  CONSTRAINT `qrtz_simple_triggers_ibfk_1` FOREIGN KEY (`sched_name`, `trigger_name`, `trigger_group`) REFERENCES `qrtz_triggers` (`sched_name`, `trigger_name`, `trigger_group`)
) ENGINE=InnoDB DEFAULT CHARSET=utf8;
/*!40101 SET character_set_client = @saved_cs_client */;

--
-- Dumping data for table `qrtz_simple_triggers`
--

LOCK TABLES `qrtz_simple_triggers` WRITE;
/*!40000 ALTER TABLE `qrtz_simple_triggers` DISABLE KEYS */;
/*!40000 ALTER TABLE `qrtz_simple_triggers` ENABLE KEYS */;
UNLOCK TABLES;

--
-- Table structure for table `qrtz_simprop_triggers`
--

DROP TABLE IF EXISTS `qrtz_simprop_triggers`;
/*!40101 SET @saved_cs_client     = @@character_set_client */;
/*!40101 SET character_set_client = utf8 */;
CREATE TABLE `qrtz_simprop_triggers` (
  `sched_name` varchar(120) NOT NULL,
  `trigger_name` varchar(200) NOT NULL,
  `trigger_group` varchar(200) NOT NULL,
  `str_prop_1` varchar(512) DEFAULT NULL,
  `str_prop_2` varchar(512) DEFAULT NULL,
  `str_prop_3` varchar(512) DEFAULT NULL,
  `int_prop_1` int(11) DEFAULT NULL,
  `int_prop_2` int(11) DEFAULT NULL,
  `long_prop_1` bigint(20) DEFAULT NULL,
  `long_prop_2` bigint(20) DEFAULT NULL,
  `dec_prop_1` decimal(13,4) DEFAULT NULL,
  `dec_prop_2` decimal(13,4) DEFAULT NULL,
  `bool_prop_1` varchar(1) DEFAULT NULL,
  `bool_prop_2` varchar(1) DEFAULT NULL,
  PRIMARY KEY (`sched_name`,`trigger_name`,`trigger_group`),
  CONSTRAINT `qrtz_simprop_triggers_ibfk_1` FOREIGN KEY (`sched_name`, `trigger_name`, `trigger_group`) REFERENCES `qrtz_triggers` (`sched_name`, `trigger_name`, `trigger_group`)
) ENGINE=InnoDB DEFAULT CHARSET=utf8;
/*!40101 SET character_set_client = @saved_cs_client */;

--
-- Dumping data for table `qrtz_simprop_triggers`
--

LOCK TABLES `qrtz_simprop_triggers` WRITE;
/*!40000 ALTER TABLE `qrtz_simprop_triggers` DISABLE KEYS */;
/*!40000 ALTER TABLE `qrtz_simprop_triggers` ENABLE KEYS */;
UNLOCK TABLES;

--
-- Table structure for table `qrtz_triggers`
--

DROP TABLE IF EXISTS `qrtz_triggers`;
/*!40101 SET @saved_cs_client     = @@character_set_client */;
/*!40101 SET character_set_client = utf8 */;
CREATE TABLE `qrtz_triggers` (
  `sched_name` varchar(120) NOT NULL,
  `trigger_name` varchar(200) NOT NULL,
  `trigger_group` varchar(200) NOT NULL,
  `job_name` varchar(200) NOT NULL,
  `job_group` varchar(200) NOT NULL,
  `description` varchar(250) DEFAULT NULL,
  `next_fire_time` bigint(13) DEFAULT NULL,
  `prev_fire_time` bigint(13) DEFAULT NULL,
  `priority` int(11) DEFAULT NULL,
  `trigger_state` varchar(16) NOT NULL,
  `trigger_type` varchar(8) NOT NULL,
  `start_time` bigint(13) NOT NULL,
  `end_time` bigint(13) DEFAULT NULL,
  `calendar_name` varchar(200) DEFAULT NULL,
  `misfire_instr` smallint(2) DEFAULT NULL,
  `job_data` blob DEFAULT NULL,
  PRIMARY KEY (`sched_name`,`trigger_name`,`trigger_group`),
  KEY `sched_name` (`sched_name`,`job_name`,`job_group`),
  CONSTRAINT `qrtz_triggers_ibfk_1` FOREIGN KEY (`sched_name`, `job_name`, `job_group`) REFERENCES `qrtz_job_details` (`sched_name`, `job_name`, `job_group`)
) ENGINE=InnoDB DEFAULT CHARSET=utf8;
/*!40101 SET character_set_client = @saved_cs_client */;

--
-- Dumping data for table `qrtz_triggers`
--

LOCK TABLES `qrtz_triggers` WRITE;
/*!40000 ALTER TABLE `qrtz_triggers` DISABLE KEYS */;
INSERT INTO `qrtz_triggers` VALUES ('GoodixScheduler','__TASK_CLASS_NAME__1','DEFAULT','__TASK_CLASS_NAME__1','DEFAULT',NULL,1541042970000,-1,5,'PAUSED','CRON',1541042967000,0,NULL,-1,0x41435C45440005737200156F72672E71756172747A2E4A6F62446174614D6170394642303833E8BFA942305C4342020000787200266F72672E71756172747A2E7574696C732E537472696E674B65794469727479466C61674D61703832085C45385C433346425C43355D280200015A0013616C6C6F77735472616E7369656E74446174617872001D6F72672E71756172747A2E7574696C732E4469727479466C61674D6170135C45362E414428760A5C43450200025A000564697274794C00036D617074000F4C6A6176612F7574696C2F4D61703B787001737200116A6176612E7574696C2E486173684D617005075C444143315C433316605C443103000246000A6C6F6164466163746F724900097468726573686F6C6478703F4000000000000C770800000010000000017400135F5F5441534B5F50524F504552544945535F5F73720029636F6D2E676F6F6469782E70726F6A6563742E6D6F6E69746F722E6A6F622E646F6D61696E2E4A6F6200000000000000010200084C000E63726F6E45787072657373696F6E7400124C6A6176612F6C616E672F537472696E673B4C00086A6F6247726F757071007E00094C00056A6F6249647400104C6A6176612F6C616E672F4C6F6E673B4C00076A6F624E616D6571007E00094C000A6D6574686F644E616D6571007E00094C000C6D6574686F64506172616D7371007E00094C000D6D697366697265506F6C69637971007E00094C000673746174757371007E00097872002A636F6D2E676F6F6469782E6672616D65776F726B2E7765622E646F6D61696E2E42617365456E7469747900000000000000010200074C0008637265617465427971007E00094C000A63726561746554696D657400104C6A6176612F7574696C2F446174653B4C0006706172616D7371007E00034C000672656D61726B71007E00094C000B73656172636856616C756571007E00094C0008757064617465427971007E00094C000A75706461746554696D6571007E000C787074000561646D696E7372000E6A6176612E7574696C2E44617465686A3831014B59741903000078707708000001622C5C4445295C4530787074000070707074000E302F3130202A202A202A202A203F740018E7B3BBE7BB9FE9BB98E8AEA4EFBC88E697A0E58F82EFBC897372000E6A6176612E6C616E672E4C6F6E673B38425C45343930CC8F235C44460200014A000576616C7565787200106A6176612E6C616E672E4E756D6265723836414339351D0B39345C453038420200007870000000000000000174000672795461736B74000A72794E6F506172616D7374000074000131740001317800),('GoodixScheduler','__TASK_CLASS_NAME__2','DEFAULT','__TASK_CLASS_NAME__2','DEFAULT',NULL,1541042980000,-1,5,'PAUSED','CRON',1541042967000,0,NULL,-1,0x41435C45440005737200156F72672E71756172747A2E4A6F62446174614D6170394642303833E8BFA942305C4342020000787200266F72672E71756172747A2E7574696C732E537472696E674B65794469727479466C61674D61703832085C45385C433346425C43355D280200015A0013616C6C6F77735472616E7369656E74446174617872001D6F72672E71756172747A2E7574696C732E4469727479466C61674D6170135C45362E414428760A5C43450200025A000564697274794C00036D617074000F4C6A6176612F7574696C2F4D61703B787001737200116A6176612E7574696C2E486173684D617005075C444143315C433316605C443103000246000A6C6F6164466163746F724900097468726573686F6C6478703F4000000000000C770800000010000000017400135F5F5441534B5F50524F504552544945535F5F73720029636F6D2E676F6F6469782E70726F6A6563742E6D6F6E69746F722E6A6F622E646F6D61696E2E4A6F6200000000000000010200084C000E63726F6E45787072657373696F6E7400124C6A6176612F6C616E672F537472696E673B4C00086A6F6247726F757071007E00094C00056A6F6249647400104C6A6176612F6C616E672F4C6F6E673B4C00076A6F624E616D6571007E00094C000A6D6574686F644E616D6571007E00094C000C6D6574686F64506172616D7371007E00094C000D6D697366697265506F6C69637971007E00094C000673746174757371007E00097872002A636F6D2E676F6F6469782E6672616D65776F726B2E7765622E646F6D61696E2E42617365456E7469747900000000000000010200074C0008637265617465427971007E00094C000A63726561746554696D657400104C6A6176612F7574696C2F446174653B4C0006706172616D7371007E00034C000672656D61726B71007E00094C000B73656172636856616C756571007E00094C0008757064617465427971007E00094C000A75706461746554696D6571007E000C787074000561646D696E7372000E6A6176612E7574696C2E44617465686A3831014B59741903000078707708000001622C5C4445295C4530787074000070707074000E302F3230202A202A202A202A203F740018E7B3BBE7BB9FE9BB98E8AEA4EFBC88E69C89E58F82EFBC897372000E6A6176612E6C616E672E4C6F6E673B38425C45343930CC8F235C44460200014A000576616C7565787200106A6176612E6C616E672E4E756D6265723836414339351D0B39345C453038420200007870000000000000000274000672795461736B7400087279506172616D73740002727974000131740001317800),('RuoyiScheduler','__TASK_CLASS_NAME__1','DEFAULT','__TASK_CLASS_NAME__1','DEFAULT',NULL,1540969980000,-1,5,'PAUSED','CRON',1540969978000,0,NULL,-1,0x41435C45440005737200156F72672E71756172747A2E4A6F62446174614D6170394642303833E8BFA942305C4342020000787200266F72672E71756172747A2E7574696C732E537472696E674B65794469727479466C61674D61703832085C45385C433346425C43355D280200015A0013616C6C6F77735472616E7369656E74446174617872001D6F72672E71756172747A2E7574696C732E4469727479466C61674D6170135C45362E414428760A5C43450200025A000564697274794C00036D617074000F4C6A6176612F7574696C2F4D61703B787001737200116A6176612E7574696C2E486173684D617005075C444143315C433316605C443103000246000A6C6F6164466163746F724900097468726573686F6C6478703F4000000000000C770800000010000000017400135F5F5441534B5F50524F504552544945535F5F73720028636F6D2E72756F79692E70726F6A6563742E6D6F6E69746F722E6A6F622E646F6D61696E2E4A6F6200000000000000010200084C000E63726F6E45787072657373696F6E7400124C6A6176612F6C616E672F537472696E673B4C00086A6F6247726F757071007E00094C00056A6F6249647400104C6A6176612F6C616E672F4C6F6E673B4C00076A6F624E616D6571007E00094C000A6D6574686F644E616D6571007E00094C000C6D6574686F64506172616D7371007E00094C000D6D697366697265506F6C69637971007E00094C000673746174757371007E000978720029636F6D2E72756F79692E6672616D65776F726B2E7765622E646F6D61696E2E42617365456E7469747900000000000000010200074C0008637265617465427971007E00094C000A63726561746554696D657400104C6A6176612F7574696C2F446174653B4C0006706172616D7371007E00034C000672656D61726B71007E00094C000B73656172636856616C756571007E00094C0008757064617465427971007E00094C000A75706461746554696D6571007E000C787074000561646D696E7372000E6A6176612E7574696C2E44617465686A3831014B59741903000078707708000001622C5C4445295C4530787074000070707074000E302F3130202A202A202A202A203F740018E7B3BBE7BB9FE9BB98E8AEA4EFBC88E697A0E58F82EFBC897372000E6A6176612E6C616E672E4C6F6E673B38425C45343930CC8F235C44460200014A000576616C7565787200106A6176612E6C616E672E4E756D6265723836414339351D0B39345C453038420200007870000000000000000174000672795461736B74000A72794E6F506172616D7374000074000131740001317800),('RuoyiScheduler','__TASK_CLASS_NAME__2','DEFAULT','__TASK_CLASS_NAME__2','DEFAULT',NULL,1540969980000,-1,5,'PAUSED','CRON',1540969978000,0,NULL,-1,0x41435C45440005737200156F72672E71756172747A2E4A6F62446174614D6170394642303833E8BFA942305C4342020000787200266F72672E71756172747A2E7574696C732E537472696E674B65794469727479466C61674D61703832085C45385C433346425C43355D280200015A0013616C6C6F77735472616E7369656E74446174617872001D6F72672E71756172747A2E7574696C732E4469727479466C61674D6170135C45362E414428760A5C43450200025A000564697274794C00036D617074000F4C6A6176612F7574696C2F4D61703B787001737200116A6176612E7574696C2E486173684D617005075C444143315C433316605C443103000246000A6C6F6164466163746F724900097468726573686F6C6478703F4000000000000C770800000010000000017400135F5F5441534B5F50524F504552544945535F5F73720028636F6D2E72756F79692E70726F6A6563742E6D6F6E69746F722E6A6F622E646F6D61696E2E4A6F6200000000000000010200084C000E63726F6E45787072657373696F6E7400124C6A6176612F6C616E672F537472696E673B4C00086A6F6247726F757071007E00094C00056A6F6249647400104C6A6176612F6C616E672F4C6F6E673B4C00076A6F624E616D6571007E00094C000A6D6574686F644E616D6571007E00094C000C6D6574686F64506172616D7371007E00094C000D6D697366697265506F6C69637971007E00094C000673746174757371007E000978720029636F6D2E72756F79692E6672616D65776F726B2E7765622E646F6D61696E2E42617365456E7469747900000000000000010200074C0008637265617465427971007E00094C000A63726561746554696D657400104C6A6176612F7574696C2F446174653B4C0006706172616D7371007E00034C000672656D61726B71007E00094C000B73656172636856616C756571007E00094C0008757064617465427971007E00094C000A75706461746554696D6571007E000C787074000561646D696E7372000E6A6176612E7574696C2E44617465686A3831014B59741903000078707708000001622C5C4445295C4530787074000070707074000E302F3230202A202A202A202A203F740018E7B3BBE7BB9FE9BB98E8AEA4EFBC88E69C89E58F82EFBC897372000E6A6176612E6C616E672E4C6F6E673B38425C45343930CC8F235C44460200014A000576616C7565787200106A6176612E6C616E672E4E756D6265723836414339351D0B39345C453038420200007870000000000000000274000672795461736B7400087279506172616D73740002727974000131740001317800);
/*!40000 ALTER TABLE `qrtz_triggers` ENABLE KEYS */;
UNLOCK TABLES;

--
-- Table structure for table `sys_config`
--

DROP TABLE IF EXISTS `sys_config`;
/*!40101 SET @saved_cs_client     = @@character_set_client */;
/*!40101 SET character_set_client = utf8 */;
CREATE TABLE `sys_config` (
  `config_id` int(5) NOT NULL AUTO_INCREMENT COMMENT '参数主键',
  `config_name` varchar(100) DEFAULT '' COMMENT '参数名称',
  `config_key` varchar(100) DEFAULT '' COMMENT '参数键名',
  `config_value` varchar(100) DEFAULT '' COMMENT '参数键值',
  `config_type` char(1) DEFAULT 'N' COMMENT '系统内置（Y是 N否）',
  `create_by` varchar(64) DEFAULT '' COMMENT '创建者',
  `create_time` datetime DEFAULT NULL COMMENT '创建时间',
  `update_by` varchar(64) DEFAULT '' COMMENT '更新者',
  `update_time` datetime DEFAULT NULL COMMENT '更新时间',
  `remark` varchar(500) DEFAULT '' COMMENT '备注',
  PRIMARY KEY (`config_id`)
) ENGINE=InnoDB AUTO_INCREMENT=100 DEFAULT CHARSET=utf8 COMMENT='参数配置表';
/*!40101 SET character_set_client = @saved_cs_client */;

--
-- Dumping data for table `sys_config`
--

LOCK TABLES `sys_config` WRITE;
/*!40000 ALTER TABLE `sys_config` DISABLE KEYS */;
INSERT INTO `sys_config` VALUES (1,'主框架页-默认皮肤样式名称','sys.index.skinName','skin-default','Y','admin','2018-03-16 11:33:00','汇顶','2018-03-16 11:33:00','默认 skin-default、蓝色 skin-blue、黄色 skin-yellow'),(2,'用户管理-账号初始密码','sys.user.initPassword','123456','Y','admin','2018-03-16 11:33:00','汇顶','2018-03-16 11:33:00','初始化密码 123456');
/*!40000 ALTER TABLE `sys_config` ENABLE KEYS */;
UNLOCK TABLES;

--
-- Table structure for table `sys_dept`
--

DROP TABLE IF EXISTS `sys_dept`;
/*!40101 SET @saved_cs_client     = @@character_set_client */;
/*!40101 SET character_set_client = utf8 */;
CREATE TABLE `sys_dept` (
  `dept_id` int(11) NOT NULL AUTO_INCREMENT COMMENT '部门id',
  `parent_id` int(11) DEFAULT 0 COMMENT '父部门id',
  `ancestors` varchar(50) DEFAULT '' COMMENT '祖级列表',
  `dept_name` varchar(30) DEFAULT '' COMMENT '部门名称',
  `order_num` int(4) DEFAULT 0 COMMENT '显示顺序',
  `leader` varchar(20) DEFAULT '' COMMENT '负责人',
  `phone` varchar(11) DEFAULT '' COMMENT '联系电话',
  `email` varchar(50) DEFAULT '' COMMENT '邮箱',
  `status` char(1) DEFAULT '0' COMMENT '部门状态（0正常 1停用）',
  `del_flag` char(1) DEFAULT '0' COMMENT '删除标志（0代表存在 2代表删除）',
  `create_by` varchar(64) DEFAULT '' COMMENT '创建者',
  `create_time` datetime DEFAULT NULL COMMENT '创建时间',
  `update_by` varchar(64) DEFAULT '' COMMENT '更新者',
  `update_time` datetime DEFAULT NULL COMMENT '更新时间',
  PRIMARY KEY (`dept_id`)
) ENGINE=InnoDB AUTO_INCREMENT=200 DEFAULT CHARSET=utf8 COMMENT='部门表';
/*!40101 SET character_set_client = @saved_cs_client */;

--
-- Dumping data for table `sys_dept`
--

LOCK TABLES `sys_dept` WRITE;
/*!40000 ALTER TABLE `sys_dept` DISABLE KEYS */;
INSERT INTO `sys_dept` VALUES (100,0,'0','汇顶科技',0,'汇顶','15888888888','goodix＠qq.com','0','0','admin','2018-03-16 11:33:00','汇顶','2018-03-16 11:33:00'),(101,100,'0,100','总公司',1,'深圳','15888888888','sz@qq.com','0','0','admin','2018-03-16 11:33:00','admin','2019-10-09 17:23:07'),(102,100,'0,100','长沙分公司',2,'汇顶','15888888888','goodix＠qq.com','0','2','admin','2018-03-16 11:33:00','汇顶','2018-03-16 11:33:00'),(103,101,'0,100,101','研发部门',1,'研发','15888888888','ya@qq.com','0','0','admin','2018-03-16 11:33:00','admin','2019-10-09 17:22:39'),(104,101,'0,100,101','市场部门',2,'汇顶','15888888888','goodix＠qq.com','0','2','admin','2018-03-16 11:33:00','汇顶','2018-03-16 11:33:00'),(105,101,'0,100,101','测试部门',3,'汇顶','15888888888','goodix＠qq.com','0','2','admin','2018-03-16 11:33:00','汇顶','2018-03-16 11:33:00'),(106,101,'0,100,101','财务部门',4,'汇顶','15888888888','goodix＠qq.com','0','2','admin','2018-03-16 11:33:00','汇顶','2018-03-16 11:33:00'),(107,101,'0,100,101','运维部门',5,'汇顶','15888888888','goodix＠qq.com','0','2','admin','2018-03-16 11:33:00','汇顶','2018-03-16 11:33:00'),(108,102,'0,100,102','市场部门',1,'汇顶','15888888888','goodix＠qq.com','0','2','admin','2018-03-16 11:33:00','汇顶','2018-03-16 11:33:00'),(109,102,'0,100,102','财务部门',2,'汇顶','15888888888','goodix＠qq.com','0','2','admin','2018-03-16 11:33:00','汇顶','2018-03-16 11:33:00');
/*!40000 ALTER TABLE `sys_dept` ENABLE KEYS */;
UNLOCK TABLES;

--
-- Table structure for table `sys_dict_data`
--

DROP TABLE IF EXISTS `sys_dict_data`;
/*!40101 SET @saved_cs_client     = @@character_set_client */;
/*!40101 SET character_set_client = utf8 */;
CREATE TABLE `sys_dict_data` (
  `dict_code` int(11) NOT NULL AUTO_INCREMENT COMMENT '字典编码',
  `dict_sort` int(4) DEFAULT 0 COMMENT '字典排序',
  `dict_label` varchar(100) DEFAULT '' COMMENT '字典标签',
  `dict_value` varchar(100) DEFAULT '' COMMENT '字典键值',
  `dict_type` varchar(100) DEFAULT '' COMMENT '字典类型',
  `css_class` varchar(100) DEFAULT '' COMMENT '样式属性（其他样式扩展）',
  `list_class` varchar(100) DEFAULT '' COMMENT '表格回显样式',
  `is_default` char(1) DEFAULT 'N' COMMENT '是否默认（Y是 N否）',
  `status` char(1) DEFAULT '0' COMMENT '状态（0正常 1停用）',
  `create_by` varchar(64) DEFAULT '' COMMENT '创建者',
  `create_time` datetime DEFAULT NULL COMMENT '创建时间',
  `update_by` varchar(64) DEFAULT '' COMMENT '更新者',
  `update_time` datetime DEFAULT NULL COMMENT '更新时间',
  `remark` varchar(500) DEFAULT '' COMMENT '备注',
  PRIMARY KEY (`dict_code`)
) ENGINE=InnoDB AUTO_INCREMENT=100 DEFAULT CHARSET=utf8 COMMENT='字典数据表';
/*!40101 SET character_set_client = @saved_cs_client */;

--
-- Dumping data for table `sys_dict_data`
--

LOCK TABLES `sys_dict_data` WRITE;
/*!40000 ALTER TABLE `sys_dict_data` DISABLE KEYS */;
INSERT INTO `sys_dict_data` VALUES (1,1,'男','0','sys_user_sex','','','Y','0','admin','2018-03-16 11:33:00','汇顶','2018-03-16 11:33:00','性别男'),(2,2,'女','1','sys_user_sex','','','N','0','admin','2018-03-16 11:33:00','汇顶','2018-03-16 11:33:00','性别女'),(3,3,'未知','2','sys_user_sex','','','N','0','admin','2018-03-16 11:33:00','汇顶','2018-03-16 11:33:00','性别未知'),(4,1,'显示','0','sys_show_hide','','primary','Y','0','admin','2018-03-16 11:33:00','汇顶','2018-03-16 11:33:00','显示菜单'),(5,2,'隐藏','1','sys_show_hide','','danger','N','0','admin','2018-03-16 11:33:00','汇顶','2018-03-16 11:33:00','隐藏菜单'),(6,1,'正常','0','sys_normal_disable','','primary','Y','0','admin','2018-03-16 11:33:00','汇顶','2018-03-16 11:33:00','正常状态'),(7,2,'停用','1','sys_normal_disable','','danger','N','0','admin','2018-03-16 11:33:00','汇顶','2018-03-16 11:33:00','停用状态'),(8,1,'正常','0','sys_job_status','','primary','Y','0','admin','2018-03-16 11:33:00','汇顶','2018-03-16 11:33:00','正常状态'),(9,2,'暂停','1','sys_job_status','','danger','N','0','admin','2018-03-16 11:33:00','汇顶','2018-03-16 11:33:00','停用状态'),(10,1,'是','Y','sys_yes_no','','primary','Y','0','admin','2018-03-16 11:33:00','汇顶','2018-03-16 11:33:00','系统默认是'),(11,2,'否','N','sys_yes_no','','danger','N','0','admin','2018-03-16 11:33:00','汇顶','2018-03-16 11:33:00','系统默认否'),(12,1,'通知','1','sys_notice_type','','warning','Y','0','admin','2018-03-16 11:33:00','汇顶','2018-03-16 11:33:00','通知'),(13,2,'公告','2','sys_notice_type','','success','N','0','admin','2018-03-16 11:33:00','汇顶','2018-03-16 11:33:00','公告'),(14,1,'正常','0','sys_notice_status','','primary','Y','0','admin','2018-03-16 11:33:00','汇顶','2018-03-16 11:33:00','正常状态'),(15,2,'关闭','1','sys_notice_status','','danger','N','0','admin','2018-03-16 11:33:00','汇顶','2018-03-16 11:33:00','关闭状态'),(16,1,'新增','1','sys_oper_type','','info','N','0','admin','2018-03-16 11:33:00','汇顶','2018-03-16 11:33:00','新增操作'),(17,2,'修改','2','sys_oper_type','','info','N','0','admin','2018-03-16 11:33:00','汇顶','2018-03-16 11:33:00','修改操作'),(18,3,'删除','3','sys_oper_type','','danger','N','0','admin','2018-03-16 11:33:00','汇顶','2018-03-16 11:33:00','删除操作'),(19,4,'授权','4','sys_oper_type','','primary','N','0','admin','2018-03-16 11:33:00','汇顶','2018-03-16 11:33:00','授权操作'),(20,5,'导出','5','sys_oper_type','','warning','N','0','admin','2018-03-16 11:33:00','汇顶','2018-03-16 11:33:00','导出操作'),(21,6,'导入','6','sys_oper_type','','warning','N','0','admin','2018-03-16 11:33:00','汇顶','2018-03-16 11:33:00','导入操作'),(22,7,'强退','7','sys_oper_type','','danger','N','0','admin','2018-03-16 11:33:00','汇顶','2018-03-16 11:33:00','强退操作'),(23,8,'生成代码','8','sys_oper_type','','warning','N','0','admin','2018-03-16 11:33:00','汇顶','2018-03-16 11:33:00','生成操作'),(24,8,'清空数据','9','sys_oper_type','','danger','N','0','admin','2018-03-16 11:33:00','汇顶','2018-03-16 11:33:00','清空操作'),(25,1,'成功','0','sys_common_status','','primary','N','0','admin','2018-03-16 11:33:00','汇顶','2018-03-16 11:33:00','正常状态'),(26,2,'失败','1','sys_common_status','','danger','N','0','admin','2018-03-16 11:33:00','汇顶','2018-03-16 11:33:00','停用状态');
/*!40000 ALTER TABLE `sys_dict_data` ENABLE KEYS */;
UNLOCK TABLES;

--
-- Table structure for table `sys_dict_type`
--

DROP TABLE IF EXISTS `sys_dict_type`;
/*!40101 SET @saved_cs_client     = @@character_set_client */;
/*!40101 SET character_set_client = utf8 */;
CREATE TABLE `sys_dict_type` (
  `dict_id` int(11) NOT NULL AUTO_INCREMENT COMMENT '字典主键',
  `dict_name` varchar(100) DEFAULT '' COMMENT '字典名称',
  `dict_type` varchar(100) DEFAULT '' COMMENT '字典类型',
  `status` char(1) DEFAULT '0' COMMENT '状态（0正常 1停用）',
  `create_by` varchar(64) DEFAULT '' COMMENT '创建者',
  `create_time` datetime DEFAULT NULL COMMENT '创建时间',
  `update_by` varchar(64) DEFAULT '' COMMENT '更新者',
  `update_time` datetime DEFAULT NULL COMMENT '更新时间',
  `remark` varchar(500) DEFAULT '' COMMENT '备注',
  PRIMARY KEY (`dict_id`),
  UNIQUE KEY `dict_type` (`dict_type`)
) ENGINE=InnoDB AUTO_INCREMENT=100 DEFAULT CHARSET=utf8 COMMENT='字典类型表';
/*!40101 SET character_set_client = @saved_cs_client */;

--
-- Dumping data for table `sys_dict_type`
--

LOCK TABLES `sys_dict_type` WRITE;
/*!40000 ALTER TABLE `sys_dict_type` DISABLE KEYS */;
INSERT INTO `sys_dict_type` VALUES (1,'用户性别','sys_user_sex','0','admin','2018-03-16 11:33:00','汇顶','2018-03-16 11:33:00','用户性别列表'),(2,'菜单状态','sys_show_hide','0','admin','2018-03-16 11:33:00','汇顶','2018-03-16 11:33:00','菜单状态列表'),(3,'系统开关','sys_normal_disable','0','admin','2018-03-16 11:33:00','汇顶','2018-03-16 11:33:00','系统开关列表'),(4,'任务状态','sys_job_status','0','admin','2018-03-16 11:33:00','汇顶','2018-03-16 11:33:00','任务状态列表'),(5,'系统是否','sys_yes_no','0','admin','2018-03-16 11:33:00','汇顶','2018-03-16 11:33:00','系统是否列表'),(6,'通知类型','sys_notice_type','0','admin','2018-03-16 11:33:00','汇顶','2018-03-16 11:33:00','通知类型列表'),(7,'通知状态','sys_notice_status','0','admin','2018-03-16 11:33:00','汇顶','2018-03-16 11:33:00','通知状态列表'),(8,'操作类型','sys_oper_type','0','admin','2018-03-16 11:33:00','汇顶','2018-03-16 11:33:00','操作类型列表'),(9,'系统状态','sys_common_status','0','admin','2018-03-16 11:33:00','汇顶','2018-03-16 11:33:00','登录状态列表');
/*!40000 ALTER TABLE `sys_dict_type` ENABLE KEYS */;
UNLOCK TABLES;

--
-- Table structure for table `sys_job`
--

DROP TABLE IF EXISTS `sys_job`;
/*!40101 SET @saved_cs_client     = @@character_set_client */;
/*!40101 SET character_set_client = utf8 */;
CREATE TABLE `sys_job` (
  `job_id` int(11) NOT NULL AUTO_INCREMENT COMMENT '任务ID',
  `job_name` varchar(64) NOT NULL DEFAULT '' COMMENT '任务名称',
  `job_group` varchar(64) NOT NULL DEFAULT '' COMMENT '任务组名',
  `method_name` varchar(500) DEFAULT '' COMMENT '任务方法',
  `method_params` varchar(200) DEFAULT '' COMMENT '方法参数',
  `cron_expression` varchar(255) DEFAULT '' COMMENT 'cron执行表达式',
  `misfire_policy` varchar(20) DEFAULT '1' COMMENT '计划执行错误策略（1继续 2等待 3放弃）',
  `status` char(1) DEFAULT '0' COMMENT '状态（0正常 1暂停）',
  `create_by` varchar(64) DEFAULT '' COMMENT '创建者',
  `create_time` datetime DEFAULT NULL COMMENT '创建时间',
  `update_by` varchar(64) DEFAULT '' COMMENT '更新者',
  `update_time` datetime DEFAULT NULL COMMENT '更新时间',
  `remark` varchar(500) DEFAULT '' COMMENT '备注信息',
  PRIMARY KEY (`job_id`,`job_name`,`job_group`)
) ENGINE=InnoDB AUTO_INCREMENT=100 DEFAULT CHARSET=utf8 COMMENT='定时任务调度表';
/*!40101 SET character_set_client = @saved_cs_client */;

--
-- Dumping data for table `sys_job`
--

LOCK TABLES `sys_job` WRITE;
/*!40000 ALTER TABLE `sys_job` DISABLE KEYS */;
INSERT INTO `sys_job` VALUES (1,'ryTask','系统默认（无参）','ryNoParams','','0/10 * * * * ?','1','1','admin','2018-03-16 11:33:00','汇顶','2018-03-16 11:33:00',''),(2,'ryTask','系统默认（有参）','ryParams','汇顶','0/20 * * * * ?','1','1','admin','2018-03-16 11:33:00','汇顶','2018-03-16 11:33:00','');
/*!40000 ALTER TABLE `sys_job` ENABLE KEYS */;
UNLOCK TABLES;

--
-- Table structure for table `sys_job_log`
--

DROP TABLE IF EXISTS `sys_job_log`;
/*!40101 SET @saved_cs_client     = @@character_set_client */;
/*!40101 SET character_set_client = utf8 */;
CREATE TABLE `sys_job_log` (
  `job_log_id` int(11) NOT NULL AUTO_INCREMENT COMMENT '任务日志ID',
  `job_name` varchar(64) NOT NULL COMMENT '任务名称',
  `job_group` varchar(64) NOT NULL COMMENT '任务组名',
  `method_name` varchar(500) DEFAULT NULL COMMENT '任务方法',
  `method_params` varchar(200) DEFAULT '' COMMENT '方法参数',
  `job_message` varchar(500) DEFAULT NULL COMMENT '日志信息',
  `status` char(1) DEFAULT '0' COMMENT '执行状态（0正常 1失败）',
  `exception_info` text DEFAULT NULL COMMENT '异常信息',
  `create_time` datetime DEFAULT NULL COMMENT '创建时间',
  PRIMARY KEY (`job_log_id`)
) ENGINE=InnoDB DEFAULT CHARSET=utf8 COMMENT='定时任务调度日志表';
/*!40101 SET character_set_client = @saved_cs_client */;

--
-- Dumping data for table `sys_job_log`
--

LOCK TABLES `sys_job_log` WRITE;
/*!40000 ALTER TABLE `sys_job_log` DISABLE KEYS */;
/*!40000 ALTER TABLE `sys_job_log` ENABLE KEYS */;
UNLOCK TABLES;

--
-- Table structure for table `sys_logininfor`
--

DROP TABLE IF EXISTS `sys_logininfor`;
/*!40101 SET @saved_cs_client     = @@character_set_client */;
/*!40101 SET character_set_client = utf8 */;
CREATE TABLE `sys_logininfor` (
  `info_id` int(11) NOT NULL AUTO_INCREMENT COMMENT '访问ID',
  `login_name` varchar(50) DEFAULT '' COMMENT '登录账号',
  `ipaddr` varchar(50) DEFAULT '' COMMENT '登录IP地址',
  `login_location` varchar(255) DEFAULT '' COMMENT '登录地点',
  `browser` varchar(50) DEFAULT '' COMMENT '浏览器类型',
  `os` varchar(50) DEFAULT '' COMMENT '操作系统',
  `status` char(1) DEFAULT '0' COMMENT '登录状态（0成功 1失败）',
  `msg` varchar(255) DEFAULT '' COMMENT '提示消息',
  `login_time` datetime DEFAULT NULL COMMENT '访问时间',
  PRIMARY KEY (`info_id`)
) ENGINE=InnoDB AUTO_INCREMENT=2 DEFAULT CHARSET=utf8 COMMENT='系统访问记录';
/*!40101 SET character_set_client = @saved_cs_client */;

--
-- Dumping data for table `sys_logininfor`
--

LOCK TABLES `sys_logininfor` WRITE;
/*!40000 ALTER TABLE `sys_logininfor` DISABLE KEYS */;
INSERT INTO `sys_logininfor` VALUES (1,'admin','101.207.235.188','XX XX','Chrome','Linux','0','退出成功','2019-10-09 17:25:12');
/*!40000 ALTER TABLE `sys_logininfor` ENABLE KEYS */;
UNLOCK TABLES;

--
-- Table structure for table `sys_menu`
--

DROP TABLE IF EXISTS `sys_menu`;
/*!40101 SET @saved_cs_client     = @@character_set_client */;
/*!40101 SET character_set_client = utf8 */;
CREATE TABLE `sys_menu` (
  `menu_id` int(11) NOT NULL AUTO_INCREMENT COMMENT '菜单ID',
  `menu_name` varchar(50) NOT NULL COMMENT '菜单名称',
  `parent_id` int(11) DEFAULT 0 COMMENT '父菜单ID',
  `order_num` int(4) DEFAULT 0 COMMENT '显示顺序',
  `url` varchar(200) DEFAULT '#' COMMENT '请求地址',
  `menu_type` char(1) DEFAULT '' COMMENT '菜单类型（M目录 C菜单 F按钮）',
  `visible` char(1) DEFAULT '0' COMMENT '菜单状态（0显示 1隐藏）',
  `perms` varchar(100) DEFAULT '' COMMENT '权限标识',
  `icon` varchar(100) DEFAULT '#' COMMENT '菜单图标',
  `create_by` varchar(64) DEFAULT '' COMMENT '创建者',
  `create_time` datetime DEFAULT NULL COMMENT '创建时间',
  `update_by` varchar(64) DEFAULT '' COMMENT '更新者',
  `update_time` datetime DEFAULT NULL COMMENT '更新时间',
  `remark` varchar(500) DEFAULT '' COMMENT '备注',
  PRIMARY KEY (`menu_id`)
) ENGINE=InnoDB AUTO_INCREMENT=2019 DEFAULT CHARSET=utf8 COMMENT='菜单权限表';
/*!40101 SET character_set_client = @saved_cs_client */;

--
-- Dumping data for table `sys_menu`
--

LOCK TABLES `sys_menu` WRITE;
/*!40000 ALTER TABLE `sys_menu` DISABLE KEYS */;
INSERT INTO `sys_menu` VALUES (1,'系统管理',0,1,'#','M','0','','fa fa-gear','admin','2018-03-16 11:33:00','汇顶','2018-03-16 11:33:00','系统管理目录'),(100,'用户管理',1,1,'/system/user','C','0','system:user:view','#','admin','2018-03-16 11:33:00','汇顶','2018-03-16 11:33:00','用户管理菜单'),(101,'角色管理',1,2,'/system/role','C','0','system:role:view','#','admin','2018-03-16 11:33:00','汇顶','2018-03-16 11:33:00','角色管理菜单'),(102,'菜单管理',1,3,'/system/menu','C','0','system:menu:view','#','admin','2018-03-16 11:33:00','汇顶','2018-03-16 11:33:00','菜单管理菜单'),(103,'部门管理',1,4,'/system/dept','C','0','system:dept:view','#','admin','2018-03-16 11:33:00','汇顶','2018-03-16 11:33:00','部门管理菜单'),(104,'岗位管理',1,5,'/system/post','C','0','system:post:view','#','admin','2018-03-16 11:33:00','汇顶','2018-03-16 11:33:00','岗位管理菜单'),(105,'字典管理',1,6,'/system/dict','C','0','system:dict:view','#','admin','2018-03-16 11:33:00','汇顶','2018-03-16 11:33:00','字典管理菜单'),(106,'参数设置',1,7,'/system/config','C','0','system:config:view','#','admin','2018-03-16 11:33:00','汇顶','2018-03-16 11:33:00','参数设置菜单'),(107,'通知公告',1,8,'/system/notice','C','0','system:notice:view','#','admin','2018-03-16 11:33:00','汇顶','2018-03-16 11:33:00','通知公告菜单'),(108,'日志管理',1,9,'#','M','0','','#','admin','2018-03-16 11:33:00','汇顶','2018-03-16 11:33:00','日志管理菜单'),(500,'操作日志',108,1,'/monitor/operlog','C','0','monitor:operlog:view','#','admin','2018-03-16 11:33:00','汇顶','2018-03-16 11:33:00','操作日志菜单'),(501,'登录日志',108,2,'/monitor/logininfor','C','0','monitor:logininfor:view','#','admin','2018-03-16 11:33:00','汇顶','2018-03-16 11:33:00','登录日志菜单'),(1000,'用户查询',100,1,'#','F','0','system:user:list','#','admin','2018-03-16 11:33:00','汇顶','2018-03-16 11:33:00',''),(1001,'用户新增',100,2,'#','F','0','system:user:add','#','admin','2018-03-16 11:33:00','汇顶','2018-03-16 11:33:00',''),(1002,'用户修改',100,3,'#','F','0','system:user:edit','#','admin','2018-03-16 11:33:00','汇顶','2018-03-16 11:33:00',''),(1003,'用户删除',100,4,'#','F','0','system:user:remove','#','admin','2018-03-16 11:33:00','汇顶','2018-03-16 11:33:00',''),(1004,'用户导出',100,5,'#','F','0','system:user:export','#','admin','2018-03-16 11:33:00','汇顶','2018-03-16 11:33:00',''),(1005,'重置密码',100,5,'#','F','0','system:user:resetPwd','#','admin','2018-03-16 11:33:00','汇顶','2018-03-16 11:33:00',''),(1006,'角色查询',101,1,'#','F','0','system:role:list','#','admin','2018-03-16 11:33:00','汇顶','2018-03-16 11:33:00',''),(1007,'角色新增',101,2,'#','F','0','system:role:add','#','admin','2018-03-16 11:33:00','汇顶','2018-03-16 11:33:00',''),(1008,'角色修改',101,3,'#','F','0','system:role:edit','#','admin','2018-03-16 11:33:00','汇顶','2018-03-16 11:33:00',''),(1009,'角色删除',101,4,'#','F','0','system:role:remove','#','admin','2018-03-16 11:33:00','汇顶','2018-03-16 11:33:00',''),(1010,'角色导出',101,4,'#','F','0','system:role:export','#','admin','2018-03-16 11:33:00','汇顶','2018-03-16 11:33:00',''),(1011,'菜单查询',102,1,'#','F','0','system:menu:list','#','admin','2018-03-16 11:33:00','汇顶','2018-03-16 11:33:00',''),(1012,'菜单新增',102,2,'#','F','0','system:menu:add','#','admin','2018-03-16 11:33:00','汇顶','2018-03-16 11:33:00',''),(1013,'菜单修改',102,3,'#','F','0','system:menu:edit','#','admin','2018-03-16 11:33:00','汇顶','2018-03-16 11:33:00',''),(1014,'菜单删除',102,4,'#','F','0','system:menu:remove','#','admin','2018-03-16 11:33:00','汇顶','2018-03-16 11:33:00',''),(1015,'部门查询',103,1,'#','F','0','system:dept:list','#','admin','2018-03-16 11:33:00','汇顶','2018-03-16 11:33:00',''),(1016,'部门新增',103,2,'#','F','0','system:dept:add','#','admin','2018-03-16 11:33:00','汇顶','2018-03-16 11:33:00',''),(1017,'部门修改',103,3,'#','F','0','system:dept:edit','#','admin','2018-03-16 11:33:00','汇顶','2018-03-16 11:33:00',''),(1018,'部门删除',103,4,'#','F','0','system:dept:remove','#','admin','2018-03-16 11:33:00','汇顶','2018-03-16 11:33:00',''),(1019,'岗位查询',104,1,'#','F','0','system:post:list','#','admin','2018-03-16 11:33:00','汇顶','2018-03-16 11:33:00',''),(1020,'岗位新增',104,2,'#','F','0','system:post:add','#','admin','2018-03-16 11:33:00','汇顶','2018-03-16 11:33:00',''),(1021,'岗位修改',104,3,'#','F','0','system:post:edit','#','admin','2018-03-16 11:33:00','汇顶','2018-03-16 11:33:00',''),(1022,'岗位删除',104,4,'#','F','0','system:post:remove','#','admin','2018-03-16 11:33:00','汇顶','2018-03-16 11:33:00',''),(1023,'岗位导出',104,4,'#','F','0','system:post:export','#','admin','2018-03-16 11:33:00','汇顶','2018-03-16 11:33:00',''),(1024,'字典查询',105,1,'#','F','0','system:dict:list','#','admin','2018-03-16 11:33:00','汇顶','2018-03-16 11:33:00',''),(1025,'字典新增',105,2,'#','F','0','system:dict:add','#','admin','2018-03-16 11:33:00','汇顶','2018-03-16 11:33:00',''),(1026,'字典修改',105,3,'#','F','0','system:dict:edit','#','admin','2018-03-16 11:33:00','汇顶','2018-03-16 11:33:00',''),(1027,'字典删除',105,4,'#','F','0','system:dict:remove','#','admin','2018-03-16 11:33:00','汇顶','2018-03-16 11:33:00',''),(1028,'字典导出',105,4,'#','F','0','system:dict:export','#','admin','2018-03-16 11:33:00','汇顶','2018-03-16 11:33:00',''),(1029,'参数查询',106,1,'#','F','0','system:config:list','#','admin','2018-03-16 11:33:00','汇顶','2018-03-16 11:33:00',''),(1030,'参数新增',106,2,'#','F','0','system:config:add','#','admin','2018-03-16 11:33:00','汇顶','2018-03-16 11:33:00',''),(1031,'参数修改',106,3,'#','F','0','system:config:edit','#','admin','2018-03-16 11:33:00','汇顶','2018-03-16 11:33:00',''),(1032,'参数删除',106,4,'#','F','0','system:config:remove','#','admin','2018-03-16 11:33:00','汇顶','2018-03-16 11:33:00',''),(1033,'参数导出',106,4,'#','F','0','system:config:export','#','admin','2018-03-16 11:33:00','汇顶','2018-03-16 11:33:00',''),(1034,'公告查询',107,1,'#','F','0','system:notice:list','#','admin','2018-03-16 11:33:00','汇顶','2018-03-16 11:33:00',''),(1035,'公告新增',107,2,'#','F','0','system:notice:add','#','admin','2018-03-16 11:33:00','汇顶','2018-03-16 11:33:00',''),(1036,'公告修改',107,3,'#','F','0','system:notice:edit','#','admin','2018-03-16 11:33:00','汇顶','2018-03-16 11:33:00',''),(1037,'公告删除',107,4,'#','F','0','system:notice:remove','#','admin','2018-03-16 11:33:00','汇顶','2018-03-16 11:33:00',''),(1038,'操作查询',500,1,'#','F','0','monitor:operlog:list','#','admin','2018-03-16 11:33:00','汇顶','2018-03-16 11:33:00',''),(1039,'操作删除',500,2,'#','F','0','monitor:operlog:remove','#','admin','2018-03-16 11:33:00','汇顶','2018-03-16 11:33:00',''),(1040,'详细信息',500,3,'#','F','0','monitor:operlog:detail','#','admin','2018-03-16 11:33:00','汇顶','2018-03-16 11:33:00',''),(1041,'日志导出',500,3,'#','F','0','monitor:operlog:export','#','admin','2018-03-16 11:33:00','汇顶','2018-03-16 11:33:00',''),(1042,'登录查询',501,1,'#','F','0','monitor:logininfor:list','#','admin','2018-03-16 11:33:00','汇顶','2018-03-16 11:33:00',''),(1043,'登录删除',501,2,'#','F','0','monitor:logininfor:remove','#','admin','2018-03-16 11:33:00','汇顶','2018-03-16 11:33:00',''),(1044,'日志导出',501,2,'#','F','0','monitor:logininfor:export','#','admin','2018-03-16 11:33:00','汇顶','2018-03-16 11:33:00',''),(2011,'硬件管理',0,0,'#','M','0','','#','admin','2018-11-06 11:25:53','',NULL,''),(2012,'基础信息管理',2011,0,'/device/info','C','0','module:device:view','#','admin','2018-11-06 11:26:19','',NULL,''),(2013,'新增',2012,1,'#','F','0','module:device:add','#','admin','2018-11-06 11:27:12','',NULL,''),(2014,'查询',2012,1,'#','F','0','module:device:list','#','admin','2018-11-06 11:27:35','',NULL,''),(2015,'修改',2012,2,'#','F','0','module:device:edit','#','admin','2018-11-06 11:28:08','',NULL,''),(2016,'删除',2012,3,'#','F','0','module:device:remove','#','admin','2018-11-06 11:28:35','',NULL,''),(2017,'绑定信息',2011,1,'/bind/info','C','0','module:bind:view','#','admin','2018-11-06 15:07:20','',NULL,''),(2018,'查询',2017,1,'#','F','0','module:bind:list','#','admin','2018-11-06 15:07:57','',NULL,'');
/*!40000 ALTER TABLE `sys_menu` ENABLE KEYS */;
UNLOCK TABLES;

--
-- Table structure for table `sys_notice`
--

DROP TABLE IF EXISTS `sys_notice`;
/*!40101 SET @saved_cs_client     = @@character_set_client */;
/*!40101 SET character_set_client = utf8 */;
CREATE TABLE `sys_notice` (
  `notice_id` int(4) NOT NULL AUTO_INCREMENT COMMENT '公告ID',
  `notice_title` varchar(50) NOT NULL COMMENT '公告标题',
  `notice_type` char(2) NOT NULL COMMENT '公告类型（1通知 2公告）',
  `notice_content` varchar(500) NOT NULL COMMENT '公告内容',
  `status` char(1) DEFAULT '0' COMMENT '公告状态（0正常 1关闭）',
  `create_by` varchar(64) DEFAULT '' COMMENT '创建者',
  `create_time` datetime DEFAULT NULL COMMENT '创建时间',
  `update_by` varchar(64) DEFAULT '' COMMENT '更新者',
  `update_time` datetime DEFAULT NULL COMMENT '更新时间',
  `remark` varchar(255) DEFAULT '' COMMENT '备注',
  PRIMARY KEY (`notice_id`)
) ENGINE=InnoDB AUTO_INCREMENT=10 DEFAULT CHARSET=utf8 COMMENT='通知公告表';
/*!40101 SET character_set_client = @saved_cs_client */;

--
-- Dumping data for table `sys_notice`
--

LOCK TABLES `sys_notice` WRITE;
/*!40000 ALTER TABLE `sys_notice` DISABLE KEYS */;
/*!40000 ALTER TABLE `sys_notice` ENABLE KEYS */;
UNLOCK TABLES;

--
-- Table structure for table `sys_oper_log`
--

DROP TABLE IF EXISTS `sys_oper_log`;
/*!40101 SET @saved_cs_client     = @@character_set_client */;
/*!40101 SET character_set_client = utf8 */;
CREATE TABLE `sys_oper_log` (
  `oper_id` int(11) NOT NULL AUTO_INCREMENT COMMENT '日志主键',
  `title` varchar(50) DEFAULT '' COMMENT '模块标题',
  `business_type` int(2) DEFAULT 0 COMMENT '业务类型（0其它 1新增 2修改 3删除）',
  `method` varchar(100) DEFAULT '' COMMENT '方法名称',
  `operator_type` int(1) DEFAULT 0 COMMENT '操作类别（0其它 1后台用户 2手机端用户）',
  `oper_name` varchar(50) DEFAULT '' COMMENT '操作人员',
  `dept_name` varchar(50) DEFAULT '' COMMENT '部门名称',
  `oper_url` varchar(255) DEFAULT '' COMMENT '请求URL',
  `oper_ip` varchar(30) DEFAULT '' COMMENT '主机地址',
  `oper_location` varchar(255) DEFAULT '' COMMENT '操作地点',
  `oper_param` varchar(255) DEFAULT '' COMMENT '请求参数',
  `status` int(1) DEFAULT 0 COMMENT '操作状态（0正常 1异常）',
  `error_msg` varchar(2000) DEFAULT '' COMMENT '错误消息',
  `oper_time` datetime DEFAULT NULL COMMENT '操作时间',
  PRIMARY KEY (`oper_id`)
) ENGINE=InnoDB AUTO_INCREMENT=3 DEFAULT CHARSET=utf8 COMMENT='操作日志记录';
/*!40101 SET character_set_client = @saved_cs_client */;

--
-- Dumping data for table `sys_oper_log`
--

LOCK TABLES `sys_oper_log` WRITE;
/*!40000 ALTER TABLE `sys_oper_log` DISABLE KEYS */;
INSERT INTO `sys_oper_log` VALUES (1,'登陆日志',9,'com.goodix.project.monitor.logininfor.controller.LogininforController.clean()',1,'admin','研发部门','/monitor/logininfor/clean','101.207.235.188','四川 成都','{}',0,NULL,'2019-10-09 17:24:06'),(2,'操作日志',9,'com.goodix.project.monitor.operlog.controller.OperlogController.clean()',1,'admin','研发部门','/monitor/operlog/clean','101.207.235.188','XX XX','{}',0,NULL,'2019-10-09 17:24:07');
/*!40000 ALTER TABLE `sys_oper_log` ENABLE KEYS */;
UNLOCK TABLES;

--
-- Table structure for table `sys_post`
--

DROP TABLE IF EXISTS `sys_post`;
/*!40101 SET @saved_cs_client     = @@character_set_client */;
/*!40101 SET character_set_client = utf8 */;
CREATE TABLE `sys_post` (
  `post_id` int(11) NOT NULL AUTO_INCREMENT COMMENT '岗位ID',
  `post_code` varchar(64) NOT NULL COMMENT '岗位编码',
  `post_name` varchar(50) NOT NULL COMMENT '岗位名称',
  `post_sort` int(4) NOT NULL COMMENT '显示顺序',
  `status` char(1) NOT NULL COMMENT '状态（0正常 1停用）',
  `create_by` varchar(64) DEFAULT '' COMMENT '创建者',
  `create_time` datetime DEFAULT NULL COMMENT '创建时间',
  `update_by` varchar(64) DEFAULT '' COMMENT '更新者',
  `update_time` datetime DEFAULT NULL COMMENT '更新时间',
  `remark` varchar(500) DEFAULT '' COMMENT '备注',
  PRIMARY KEY (`post_id`)
) ENGINE=InnoDB AUTO_INCREMENT=5 DEFAULT CHARSET=utf8 COMMENT='岗位信息表';
/*!40101 SET character_set_client = @saved_cs_client */;

--
-- Dumping data for table `sys_post`
--

LOCK TABLES `sys_post` WRITE;
/*!40000 ALTER TABLE `sys_post` DISABLE KEYS */;
INSERT INTO `sys_post` VALUES (1,'ceo','董事长',1,'0','admin','2018-03-16 11:33:00','汇顶','2018-03-16 11:33:00',''),(2,'se','项目经理',2,'0','admin','2018-03-16 11:33:00','汇顶','2018-03-16 11:33:00',''),(3,'hr','人力资源',3,'0','admin','2018-03-16 11:33:00','汇顶','2018-03-16 11:33:00',''),(4,'user','普通员工',4,'0','admin','2018-03-16 11:33:00','汇顶','2018-03-16 11:33:00','');
/*!40000 ALTER TABLE `sys_post` ENABLE KEYS */;
UNLOCK TABLES;

--
-- Table structure for table `sys_role`
--

DROP TABLE IF EXISTS `sys_role`;
/*!40101 SET @saved_cs_client     = @@character_set_client */;
/*!40101 SET character_set_client = utf8 */;
CREATE TABLE `sys_role` (
  `role_id` int(11) NOT NULL AUTO_INCREMENT COMMENT '角色ID',
  `role_name` varchar(30) NOT NULL COMMENT '角色名称',
  `role_key` varchar(100) NOT NULL COMMENT '角色权限字符串',
  `role_sort` int(4) NOT NULL COMMENT '显示顺序',
  `data_scope` char(1) DEFAULT '1' COMMENT '数据范围（1：全部数据权限 2：自定数据权限）',
  `status` char(1) NOT NULL COMMENT '角色状态（0正常 1停用）',
  `del_flag` char(1) DEFAULT '0' COMMENT '删除标志（0代表存在 2代表删除）',
  `create_by` varchar(64) DEFAULT '' COMMENT '创建者',
  `create_time` datetime DEFAULT NULL COMMENT '创建时间',
  `update_by` varchar(64) DEFAULT '' COMMENT '更新者',
  `update_time` datetime DEFAULT NULL COMMENT '更新时间',
  `remark` varchar(500) DEFAULT '' COMMENT '备注',
  PRIMARY KEY (`role_id`)
) ENGINE=InnoDB AUTO_INCREMENT=100 DEFAULT CHARSET=utf8 COMMENT='角色信息表';
/*!40101 SET character_set_client = @saved_cs_client */;

--
-- Dumping data for table `sys_role`
--

LOCK TABLES `sys_role` WRITE;
/*!40000 ALTER TABLE `sys_role` DISABLE KEYS */;
INSERT INTO `sys_role` VALUES (1,'管理员','admin',1,'1','0','0','admin','2018-03-16 11:33:00','汇顶','2018-03-16 11:33:00','管理员'),(2,'普通角色','common',2,'2','0','0','admin','2018-03-16 11:33:00','admin','2019-03-27 14:50:25','普通角色');
/*!40000 ALTER TABLE `sys_role` ENABLE KEYS */;
UNLOCK TABLES;

--
-- Table structure for table `sys_role_dept`
--

DROP TABLE IF EXISTS `sys_role_dept`;
/*!40101 SET @saved_cs_client     = @@character_set_client */;
/*!40101 SET character_set_client = utf8 */;
CREATE TABLE `sys_role_dept` (
  `role_id` int(11) NOT NULL COMMENT '角色ID',
  `dept_id` int(11) NOT NULL COMMENT '部门ID',
  PRIMARY KEY (`role_id`,`dept_id`)
) ENGINE=InnoDB DEFAULT CHARSET=utf8 COMMENT='角色和部门关联表';
/*!40101 SET character_set_client = @saved_cs_client */;

--
-- Dumping data for table `sys_role_dept`
--

LOCK TABLES `sys_role_dept` WRITE;
/*!40000 ALTER TABLE `sys_role_dept` DISABLE KEYS */;
INSERT INTO `sys_role_dept` VALUES (2,100),(2,101),(2,105);
/*!40000 ALTER TABLE `sys_role_dept` ENABLE KEYS */;
UNLOCK TABLES;

--
-- Table structure for table `sys_role_menu`
--

DROP TABLE IF EXISTS `sys_role_menu`;
/*!40101 SET @saved_cs_client     = @@character_set_client */;
/*!40101 SET character_set_client = utf8 */;
CREATE TABLE `sys_role_menu` (
  `role_id` int(11) NOT NULL COMMENT '角色ID',
  `menu_id` int(11) NOT NULL COMMENT '菜单ID',
  PRIMARY KEY (`role_id`,`menu_id`)
) ENGINE=InnoDB DEFAULT CHARSET=utf8 COMMENT='角色和菜单关联表';
/*!40101 SET character_set_client = @saved_cs_client */;

--
-- Dumping data for table `sys_role_menu`
--

LOCK TABLES `sys_role_menu` WRITE;
/*!40000 ALTER TABLE `sys_role_menu` DISABLE KEYS */;
/*!40000 ALTER TABLE `sys_role_menu` ENABLE KEYS */;
UNLOCK TABLES;

--
-- Table structure for table `sys_user`
--

DROP TABLE IF EXISTS `sys_user`;
/*!40101 SET @saved_cs_client     = @@character_set_client */;
/*!40101 SET character_set_client = utf8 */;
CREATE TABLE `sys_user` (
  `user_id` int(11) NOT NULL AUTO_INCREMENT COMMENT '用户ID',
  `dept_id` int(11) DEFAULT NULL COMMENT '部门ID',
  `login_name` varchar(30) NOT NULL COMMENT '登录账号',
  `user_name` varchar(30) NOT NULL COMMENT '用户昵称',
  `user_type` varchar(2) DEFAULT '00' COMMENT '用户类型（00系统用户）',
  `email` varchar(50) DEFAULT '' COMMENT '用户邮箱',
  `phonenumber` varchar(11) DEFAULT '' COMMENT '手机号码',
  `sex` char(1) DEFAULT '0' COMMENT '用户性别（0男 1女 2未知）',
  `avatar` varchar(100) DEFAULT '' COMMENT '头像路径',
  `password` varchar(50) DEFAULT '' COMMENT '密码',
  `salt` varchar(20) DEFAULT '' COMMENT '盐加密',
  `status` char(1) DEFAULT '0' COMMENT '帐号状态（0正常 1停用）',
  `del_flag` char(1) DEFAULT '0' COMMENT '删除标志（0代表存在 2代表删除）',
  `login_ip` varchar(20) DEFAULT '' COMMENT '最后登陆IP',
  `login_date` datetime DEFAULT NULL COMMENT '最后登陆时间',
  `create_by` varchar(64) DEFAULT '' COMMENT '创建者',
  `create_time` datetime DEFAULT NULL COMMENT '创建时间',
  `update_by` varchar(64) DEFAULT '' COMMENT '更新者',
  `update_time` datetime DEFAULT NULL COMMENT '更新时间',
  `remark` varchar(500) DEFAULT '' COMMENT '备注',
  PRIMARY KEY (`user_id`)
) ENGINE=InnoDB AUTO_INCREMENT=100 DEFAULT CHARSET=utf8 COMMENT='用户信息表';
/*!40101 SET character_set_client = @saved_cs_client */;

--
-- Dumping data for table `sys_user`
--

LOCK TABLES `sys_user` WRITE;
/*!40000 ALTER TABLE `sys_user` DISABLE KEYS */;
INSERT INTO `sys_user` VALUES (1,103,'admin','管理员','00','cloud_develop@goodix.com','15202818026','0','96f5fdfc6bffb73fc7ade35b7069e47a.jpg','29c67a30398638269fe600f73a054934','111111','0','0','101.207.235.188','2019-10-09 17:08:52','admin','2018-03-16 11:33:00','汇顶','2019-10-09 17:08:52','管理员'),(2,105,'汇顶','汇顶','00','goodix＠qq.com','15666666666','1','','8e6d98b90472783cc73c17047ddccf36','222222','0','2','127.0.0.1','2018-03-16 11:33:00','admin','2018-03-16 11:33:00','汇顶','2018-03-16 11:33:00','测试员');
/*!40000 ALTER TABLE `sys_user` ENABLE KEYS */;
UNLOCK TABLES;

--
-- Table structure for table `sys_user_online`
--

DROP TABLE IF EXISTS `sys_user_online`;
/*!40101 SET @saved_cs_client     = @@character_set_client */;
/*!40101 SET character_set_client = utf8 */;
CREATE TABLE `sys_user_online` (
  `sessionId` varchar(50) NOT NULL DEFAULT '' COMMENT '用户会话id',
  `login_name` varchar(50) DEFAULT '' COMMENT '登录账号',
  `dept_name` varchar(50) DEFAULT '' COMMENT '部门名称',
  `ipaddr` varchar(50) DEFAULT '' COMMENT '登录IP地址',
  `login_location` varchar(255) DEFAULT '' COMMENT '登录地点',
  `browser` varchar(50) DEFAULT '' COMMENT '浏览器类型',
  `os` varchar(50) DEFAULT '' COMMENT '操作系统',
  `status` varchar(10) DEFAULT '' COMMENT '在线状态on_line在线off_line离线',
  `start_timestamp` datetime DEFAULT NULL COMMENT 'session创建时间',
  `last_access_time` datetime DEFAULT NULL COMMENT 'session最后访问时间',
  `expire_time` int(5) DEFAULT 0 COMMENT '超时时间，单位为分钟',
  PRIMARY KEY (`sessionId`)
) ENGINE=InnoDB DEFAULT CHARSET=utf8 COMMENT='在线用户记录';
/*!40101 SET character_set_client = @saved_cs_client */;

--
-- Dumping data for table `sys_user_online`
--

LOCK TABLES `sys_user_online` WRITE;
/*!40000 ALTER TABLE `sys_user_online` DISABLE KEYS */;
/*!40000 ALTER TABLE `sys_user_online` ENABLE KEYS */;
UNLOCK TABLES;

--
-- Table structure for table `sys_user_post`
--

DROP TABLE IF EXISTS `sys_user_post`;
/*!40101 SET @saved_cs_client     = @@character_set_client */;
/*!40101 SET character_set_client = utf8 */;
CREATE TABLE `sys_user_post` (
  `user_id` int(11) NOT NULL COMMENT '用户ID',
  `post_id` int(11) NOT NULL COMMENT '岗位ID',
  PRIMARY KEY (`user_id`,`post_id`)
) ENGINE=InnoDB DEFAULT CHARSET=utf8 COMMENT='用户与岗位关联表';
/*!40101 SET character_set_client = @saved_cs_client */;

--
-- Dumping data for table `sys_user_post`
--

LOCK TABLES `sys_user_post` WRITE;
/*!40000 ALTER TABLE `sys_user_post` DISABLE KEYS */;
INSERT INTO `sys_user_post` VALUES (1,1),(2,2);
/*!40000 ALTER TABLE `sys_user_post` ENABLE KEYS */;
UNLOCK TABLES;

--
-- Table structure for table `sys_user_role`
--

DROP TABLE IF EXISTS `sys_user_role`;
/*!40101 SET @saved_cs_client     = @@character_set_client */;
/*!40101 SET character_set_client = utf8 */;
CREATE TABLE `sys_user_role` (
  `user_id` int(11) NOT NULL COMMENT '用户ID',
  `role_id` int(11) NOT NULL COMMENT '角色ID',
  PRIMARY KEY (`user_id`,`role_id`)
) ENGINE=InnoDB DEFAULT CHARSET=utf8 COMMENT='用户和角色关联表';
/*!40101 SET character_set_client = @saved_cs_client */;

--
-- Dumping data for table `sys_user_role`
--

LOCK TABLES `sys_user_role` WRITE;
/*!40000 ALTER TABLE `sys_user_role` DISABLE KEYS */;
INSERT INTO `sys_user_role` VALUES (1,1),(2,2);
/*!40000 ALTER TABLE `sys_user_role` ENABLE KEYS */;
UNLOCK TABLES;

--
-- Dumping events for database 'iot_weixin'
--

--
-- Dumping routines for database 'iot_weixin'
--
/*!40103 SET TIME_ZONE=@OLD_TIME_ZONE */;

/*!40101 SET SQL_MODE=@OLD_SQL_MODE */;
/*!40014 SET FOREIGN_KEY_CHECKS=@OLD_FOREIGN_KEY_CHECKS */;
/*!40014 SET UNIQUE_CHECKS=@OLD_UNIQUE_CHECKS */;
/*!40101 SET CHARACTER_SET_CLIENT=@OLD_CHARACTER_SET_CLIENT */;
/*!40101 SET CHARACTER_SET_RESULTS=@OLD_CHARACTER_SET_RESULTS */;
/*!40101 SET COLLATION_CONNECTION=@OLD_COLLATION_CONNECTION */;
/*!40111 SET SQL_NOTES=@OLD_SQL_NOTES */;

-- Dump completed on 2019-10-09 17:26:19
